example_id,condition,typo_type,location,severity,clean_question,input_question,token_count,token_increase,example_drop,edits
56beb3a03aeaaa14008c9248,corrupted,keyboard,any,1,How many total touchdowns did Cam Newton score?,How many total toufhdpwns did Cam Newton score?,13,4,0.0,"[{""edit_num"": 1, ""old"": ""touchdowns"", ""new"": ""toufhdpwns"", ""location"": ""any"", ""typo_type"": ""keyboard"", ""difficulty"": ""hard"", ""word_index"": 3, ""char_indices"": [3, 6], ""operation_count"": 2}]"
56beb3a03aeaaa14008c9248,corrupted,keyboard,any,2,How many total touchdowns did Cam Newton score?,How many yktal toufhdpwns did Cam Newton score?,15,6,0.0,"[{""edit_num"": 1, ""old"": ""touchdowns"", ""new"": ""toufhdpwns"", ""location"": ""any"", ""typo_type"": ""keyboard"", ""difficulty"": ""hard"", ""word_index"": 3, ""char_indices"": [3, 6], ""operation_count"": 2}, {""edit_num"": 2, ""old"": ""total"", ""new"": ""yktal"", ""location"": ""any"", ""typo_type"": ""keyboard"", ""difficulty"": ""hard"", ""word_index"": 2, ""char_indices"": [0, 1], ""operation_count"": 2}]"
56beb3a03aeaaa14008c9248,corrupted,keyboard,any,3,How many total touchdowns did Cam Newton score?,How many yktal toufhdpwns did Cam Newton scofw?,16,7,0.0,"[{""edit_num"": 1, ""old"": ""touchdowns"", ""new"": ""toufhdpwns"", ""location"": ""any"", ""typo_type"": ""keyboard"", ""difficulty"": ""hard"", ""word_index"": 3, ""char_indices"": [3, 6], ""operation_count"": 2}, {""edit_num"": 2, ""old"": ""total"", ""new"": ""yktal"", ""location"": ""any"", ""typo_type"": ""keyboard"", ""difficulty"": ""hard"", ""word_index"": 2, ""char_indices"": [0, 1], ""operation_count"": 2}, {""edit_num"": 3, ""old"": ""score"", ""new"": ""scofw"", ""location"": ""any"", ""typo_type"": ""keyboard"", ""difficulty"": ""hard"", ""word_index"": 7, ""char_indices"": [3, 4], ""operation_count"": 2}]"
56beb7953aeaaa14008c92ad,corrupted,keyboard,any,1,Who won Super Bowl XLIX?,Who won Super Bowl CLIS?,7,0,1.0,"[{""edit_num"": 1, ""old"": ""XLIX"", ""new"": ""CLIS"", ""location"": ""any"", ""typo_type"": ""keyboard"", ""difficulty"": ""hard"", ""word_index"": 4, ""char_indices"": [0, 3], ""operation_count"": 2}]"
56beb7953aeaaa14008c92ad,corrupted,keyboard,any,2,Who won Super Bowl XLIX?,Who won Super Bpsl CLIS?,9,2,1.0,"[{""edit_num"": 1, ""old"": ""XLIX"", ""new"": ""CLIS"", ""location"": ""any"", ""typo_type"": ""keyboard"", ""difficulty"": ""hard"", ""word_index"": 4, ""char_indices"": [0, 3], ""operation_count"": 2}, {""edit_num"": 2, ""old"": ""Bowl"", ""new"": ""Bpsl"", ""location"": ""any"", ""typo_type"": ""keyboard"", ""difficulty"": ""hard"", ""word_index"": 3, ""char_indices"": [1, 2], ""operation_count"": 2}]"
56beb7953aeaaa14008c92ad,corrupted,keyboard,any,3,Who won Super Bowl XLIX?,Who won Supdt Bpsl CLIS?,10,3,1.0,"[{""edit_num"": 1, ""old"": ""XLIX"", ""new"": ""CLIS"", ""location"": ""any"", ""typo_type"": ""keyboard"", ""difficulty"": ""hard"", ""word_index"": 4, ""char_indices"": [0, 3], ""operation_count"": 2}, {""edit_num"": 2, ""old"": ""Bowl"", ""new"": ""Bpsl"", ""location"": ""any"", ""typo_type"": ""keyboard"", ""difficulty"": ""hard"", ""word_index"": 3, ""char_indices"": [1, 2], ""operation_count"": 2}, {""edit_num"": 3, ""old"": ""Super"", ""new"": ""Supdt"", ""location"": ""any"", ""typo_type"": ""keyboard"", ""difficulty"": ""hard"", ""word_index"": 2, ""char_indices"": [3, 4], ""operation_count"": 2}]"
56bf1ae93aeaaa14008c951b,corrupted,keyboard,any,1,Which network broadcasted the 50th Super Bowl game? ,Which network broadcasted the 50th Super Bowl gqke? ,15,2,0.0,"[{""edit_num"": 1, ""old"": ""game"", ""new"": ""gqke"", ""location"": ""any"", ""typo_type"": ""keyboard"", ""difficulty"": ""hard"", ""word_index"": 7, ""char_indices"": [1, 2], ""operation_count"": 2}]"
56bf1ae93aeaaa14008c951b,corrupted,keyboard,any,2,Which network broadcasted the 50th Super Bowl game? ,Which network brladcqsted the 50th Super Bowl gqke? ,17,4,0.0,"[{""edit_num"": 1, ""old"": ""game"", ""new"": ""gqke"", ""location"": ""any"", ""typo_type"": ""keyboard"", ""difficulty"": ""hard"", ""word_index"": 7, ""char_indices"": [1, 2], ""operation_count"": 2}, {""edit_num"": 2, ""old"": ""broadcasted"", ""new"": ""brladcqsted"", ""location"": ""any"", ""typo_type"": ""keyboard"", ""difficulty"": ""hard"", ""word_index"": 2, ""char_indices"": [2, 6], ""operation_count"": 2}]"
56bf1ae93aeaaa14008c951b,corrupted,keyboard,any,3,Which network broadcasted the 50th Super Bowl game? ,Which network brladcqsted the 50th Zuprr Bowl gqke? ,19,6,0.0,"[{""edit_num"": 1, ""old"": ""game"", ""new"": ""gqke"", ""location"": ""any"", ""typo_type"": ""keyboard"", ""difficulty"": ""hard"", ""word_index"": 7, ""char_indices"": [1, 2], ""operation_count"": 2}, {""edit_num"": 2, ""old"": ""broadcasted"", ""new"": ""brladcqsted"", ""location"": ""any"", ""typo_type"": ""keyboard"", ""difficulty"": ""hard"", ""word_index"": 2, ""char_indices"": [2, 6], ""operation_count"": 2}, {""edit_num"": 3, ""old"": ""Super"", ""new"": ""Zuprr"", ""location"": ""any"", ""typo_type"": ""keyboard"", ""difficulty"": ""hard"", ""word_index"": 5, ""char_indices"": [0, 3], ""operation_count"": 2}]"
56d70d240d65d21400198327,corrupted,keyboard,any,1,Which hotel did the Panthers stay at for the Super Bowl?,Which jotsl did the Panthers stay at for the Super Bowl?,14,2,0.0,"[{""edit_num"": 1, ""old"": ""hotel"", ""new"": ""jotsl"", ""location"": ""any"", ""typo_type"": ""keyboard"", ""difficulty"": ""hard"", ""word_index"": 1, ""char_indices"": [0, 3], ""operation_count"": 2}]"
56d70d240d65d21400198327,corrupted,keyboard,any,2,Which hotel did the Panthers stay at for the Super Bowl?,Which jotsl did the Panthers stay at for the Sulwr Bowl?,15,3,0.0,"[{""edit_num"": 1, ""old"": ""hotel"", ""new"": ""jotsl"", ""location"": ""any"", ""typo_type"": ""keyboard"", ""difficulty"": ""hard"", ""word_index"": 1, ""char_indices"": [0, 3], ""operation_count"": 2}, {""edit_num"": 2, ""old"": ""Super"", ""new"": ""Sulwr"", ""location"": ""any"", ""typo_type"": ""keyboard"", ""difficulty"": ""hard"", ""word_index"": 9, ""char_indices"": [2, 3], ""operation_count"": 2}]"
56d70d240d65d21400198327,corrupted,keyboard,any,3,Which hotel did the Panthers stay at for the Super Bowl?,Which jotsl did the Panthers srwy at for the Sulwr Bowl?,16,4,0.5,"[{""edit_num"": 1, ""old"": ""hotel"", ""new"": ""jotsl"", ""location"": ""any"", ""typo_type"": ""keyboard"", ""difficulty"": ""hard"", ""word_index"": 1, ""char_indices"": [0, 3], ""operation_count"": 2}, {""edit_num"": 2, ""old"": ""Super"", ""new"": ""Sulwr"", ""location"": ""any"", ""typo_type"": ""keyboard"", ""difficulty"": ""hard"", ""word_index"": 9, ""char_indices"": [2, 3], ""operation_count"": 2}, {""edit_num"": 3, ""old"": ""stay"", ""new"": ""srwy"", ""location"": ""any"", ""typo_type"": ""keyboard"", ""difficulty"": ""hard"", ""word_index"": 5, ""char_indices"": [1, 2], ""operation_count"": 2}]"
56d721af0d65d2140019839e,corrupted,keyboard,any,1,Who made their Super Bowl commercial debut with Nintendo?,Who made their Sjpee Bowl commercial debut with Nintendo?,12,2,0.0,"[{""edit_num"": 1, ""old"": ""Super"", ""new"": ""Sjpee"", ""location"": ""any"", ""typo_type"": ""keyboard"", ""difficulty"": ""hard"", ""word_index"": 3, ""char_indices"": [1, 4], ""operation_count"": 2}]"
56d721af0d65d2140019839e,corrupted,keyboard,any,2,Who made their Super Bowl commercial debut with Nintendo?,Who made their Sjpee Noql commercial debut with Nintendo?,13,3,0.0,"[{""edit_num"": 1, ""old"": ""Super"", ""new"": ""Sjpee"", ""location"": ""any"", ""typo_type"": ""keyboard"", ""difficulty"": ""hard"", ""word_index"": 3, ""char_indices"": [1, 4], ""operation_count"": 2}, {""edit_num"": 2, ""old"": ""Bowl"", ""new"": ""Noql"", ""location"": ""any"", ""typo_type"": ""keyboard"", ""difficulty"": ""hard"", ""word_index"": 4, ""char_indices"": [0, 2], ""operation_count"": 2}]"
56d721af0d65d2140019839e,corrupted,keyboard,any,3,Who made their Super Bowl commercial debut with Nintendo?,Who made their Sjpee Noql commercial drbit with Nintendo?,14,4,1.0,"[{""edit_num"": 1, ""old"": ""Super"", ""new"": ""Sjpee"", ""location"": ""any"", ""typo_type"": ""keyboard"", ""difficulty"": ""hard"", ""word_index"": 3, ""char_indices"": [1, 4], ""operation_count"": 2}, {""edit_num"": 2, ""old"": ""Bowl"", ""new"": ""Noql"", ""location"": ""any"", ""typo_type"": ""keyboard"", ""difficulty"": ""hard"", ""word_index"": 4, ""char_indices"": [0, 2], ""operation_count"": 2}, {""edit_num"": 3, ""old"": ""debut"", ""new"": ""drbit"", ""location"": ""any"", ""typo_type"": ""keyboard"", ""difficulty"": ""hard"", ""word_index"": 6, ""char_indices"": [1, 3], ""operation_count"": 2}]"
56d7277c0d65d21400198401,corrupted,keyboard,any,1,Who did the Broncos tie with the most sacks in a Super Bowl?,Who did the Broncos tie eitg the most sacks in a Super Bowl?,16,2,0.0,"[{""edit_num"": 1, ""old"": ""with"", ""new"": ""eitg"", ""location"": ""any"", ""typo_type"": ""keyboard"", ""difficulty"": ""hard"", ""word_index"": 5, ""char_indices"": [0, 3], ""operation_count"": 2}]"
56d7277c0d65d21400198401,corrupted,keyboard,any,2,Who did the Broncos tie with the most sacks in a Super Bowl?,Who did the Broncos tie eitg the most sacks in a Super Bpwp?,18,4,0.0,"[{""edit_num"": 1, ""old"": ""with"", ""new"": ""eitg"", ""location"": ""any"", ""typo_type"": ""keyboard"", ""difficulty"": ""hard"", ""word_index"": 5, ""char_indices"": [0, 3], ""operation_count"": 2}, {""edit_num"": 2, ""old"": ""Bowl"", ""new"": ""Bpwp"", ""location"": ""any"", ""typo_type"": ""keyboard"", ""difficulty"": ""hard"", ""word_index"": 12, ""char_indices"": [1, 3], ""operation_count"": 2}]"
56d7277c0d65d21400198401,corrupted,keyboard,any,3,Who did the Broncos tie with the most sacks in a Super Bowl?,Who did the Brojfos tie eitg the most sacks in a Super Bpwp?,20,6,0.0,"[{""edit_num"": 1, ""old"": ""with"", ""new"": ""eitg"", ""location"": ""any"", ""typo_type"": ""keyboard"", ""difficulty"": ""hard"", ""word_index"": 5, ""char_indices"": [0, 3], ""operation_count"": 2}, {""edit_num"": 2, ""old"": ""Bowl"", ""new"": ""Bpwp"", ""location"": ""any"", ""typo_type"": ""keyboard"", ""difficulty"": ""hard"", ""word_index"": 12, ""char_indices"": [1, 3], ""operation_count"": 2}, {""edit_num"": 3, ""old"": ""Broncos"", ""new"": ""Brojfos"", ""location"": ""any"", ""typo_type"": ""keyboard"", ""difficulty"": ""hard"", ""word_index"": 3, ""char_indices"": [3, 4], ""operation_count"": 2}]"
56d98f0ddc89441400fdb559,corrupted,keyboard,any,1,How many times prios has the Sun Life Stadium had Super Bowls?,How many times prios has the Sun Life Staxuum had Super Bowls?,17,2,0.6363636363636365,"[{""edit_num"": 1, ""old"": ""Stadium"", ""new"": ""Staxuum"", ""location"": ""any"", ""typo_type"": ""keyboard"", ""difficulty"": ""hard"", ""word_index"": 8, ""char_indices"": [3, 4], ""operation_count"": 2}]"
56d98f0ddc89441400fdb559,corrupted,keyboard,any,2,How many times prios has the Sun Life Stadium had Super Bowls?,How nanh times prios has the Sun Life Staxuum had Super Bowls?,18,3,0.6363636363636365,"[{""edit_num"": 1, ""old"": ""Stadium"", ""new"": ""Staxuum"", ""location"": ""any"", ""typo_type"": ""keyboard"", ""difficulty"": ""hard"", ""word_index"": 8, ""char_indices"": [3, 4], ""operation_count"": 2}, {""edit_num"": 2, ""old"": ""many"", ""new"": ""nanh"", ""location"": ""any"", ""typo_type"": ""keyboard"", ""difficulty"": ""hard"", ""word_index"": 1, ""char_indices"": [0, 3], ""operation_count"": 2}]"
56d98f0ddc89441400fdb559,corrupted,keyboard,any,3,How many times prios has the Sun Life Stadium had Super Bowls?,How nanh times prios has the Sun Pkfe Staxuum had Super Bowls?,20,5,0.0,"[{""edit_num"": 1, ""old"": ""Stadium"", ""new"": ""Staxuum"", ""location"": ""any"", ""typo_type"": ""keyboard"", ""difficulty"": ""hard"", ""word_index"": 8, ""char_indices"": [3, 4], ""operation_count"": 2}, {""edit_num"": 2, ""old"": ""many"", ""new"": ""nanh"", ""location"": ""any"", ""typo_type"": ""keyboard"", ""difficulty"": ""hard"", ""word_index"": 1, ""char_indices"": [0, 3], ""operation_count"": 2}, {""edit_num"": 3, ""old"": ""Life"", ""new"": ""Pkfe"", ""location"": ""any"", ""typo_type"": ""keyboard"", ""difficulty"": ""hard"", ""word_index"": 7, ""char_indices"": [0, 1], ""operation_count"": 2}]"
56e20a3ae3433e140042324d,corrupted,keyboard,any,1,What is the paper written by Richard Karp in 1972 that ushered in a new era of understanding between intractability and NP-complete problems?,What is the paper written by Richard Karp in 1972 that ushered in a new era of understanding between intractability and NP-comllste problems?,33,2,0.0,"[{""edit_num"": 1, ""old"": ""complete"", ""new"": ""comllste"", ""location"": ""any"", ""typo_type"": ""keyboard"", ""difficulty"": ""hard"", ""word_index"": 21, ""char_indices"": [3, 5], ""operation_count"": 2}]"
56e20a3ae3433e140042324d,corrupted,keyboard,any,2,What is the paper written by Richard Karp in 1972 that ushered in a new era of understanding between intractability and NP-complete problems?,What is the paper written by Richard Jadp in 1972 that ushered in a new era of understanding between intractability and NP-comllste problems?,33,2,0.0,"[{""edit_num"": 1, ""old"": ""complete"", ""new"": ""comllste"", ""location"": ""any"", ""typo_type"": ""keyboard"", ""difficulty"": ""hard"", ""word_index"": 21, ""char_indices"": [3, 5], ""operation_count"": 2}, {""edit_num"": 2, ""old"": ""Karp"", ""new"": ""Jadp"", ""location"": ""any"", ""typo_type"": ""keyboard"", ""difficulty"": ""hard"", ""word_index"": 7, ""char_indices"": [0, 2], ""operation_count"": 2}]"
56e20a3ae3433e140042324d,corrupted,keyboard,any,3,What is the paper written by Richard Karp in 1972 that ushered in a new era of understanding between intractability and NP-complete problems?,What is the paper written by Richard Jadp in 1972 that ushered in a new era of understsmding between intractability and NP-comllste problems?,36,5,0.0,"[{""edit_num"": 1, ""old"": ""complete"", ""new"": ""comllste"", ""location"": ""any"", ""typo_type"": ""keyboard"", ""difficulty"": ""hard"", ""word_index"": 21, ""char_indices"": [3, 5], ""operation_count"": 2}, {""edit_num"": 2, ""old"": ""Karp"", ""new"": ""Jadp"", ""location"": ""any"", ""typo_type"": ""keyboard"", ""difficulty"": ""hard"", ""word_index"": 7, ""char_indices"": [0, 2], ""operation_count"": 2}, {""edit_num"": 3, ""old"": ""understanding"", ""new"": ""understsmding"", ""location"": ""any"", ""typo_type"": ""keyboard"", ""difficulty"": ""hard"", ""word_index"": 16, ""char_indices"": [7, 8], ""operation_count"": 2}]"
56e756bc37bdd419002c3e97,corrupted,keyboard,any,1,What does co-teaching get the students to focus on?,What fpes co-teaching get the students to focus on?,13,1,0.0,"[{""edit_num"": 1, ""old"": ""does"", ""new"": ""fpes"", ""location"": ""any"", ""typo_type"": ""keyboard"", ""difficulty"": ""hard"", ""word_index"": 1, ""char_indices"": [0, 1], ""operation_count"": 2}]"
56e756bc37bdd419002c3e97,corrupted,keyboard,any,2,What does co-teaching get the students to focus on?,What fpes co-teaching get the syjdents to focus on?,15,3,0.0,"[{""edit_num"": 1, ""old"": ""does"", ""new"": ""fpes"", ""location"": ""any"", ""typo_type"": ""keyboard"", ""difficulty"": ""hard"", ""word_index"": 1, ""char_indices"": [0, 1], ""operation_count"": 2}, {""edit_num"": 2, ""old"": ""students"", ""new"": ""syjdents"", ""location"": ""any"", ""typo_type"": ""keyboard"", ""difficulty"": ""hard"", ""word_index"": 6, ""char_indices"": [1, 2], ""operation_count"": 2}]"
56e756bc37bdd419002c3e97,corrupted,keyboard,any,3,What does co-teaching get the students to focus on?,What fpes co-teaching get the syjdents to rodus on?,16,4,0.5,"[{""edit_num"": 1, ""old"": ""does"", ""new"": ""fpes"", ""location"": ""any"", ""typo_type"": ""keyboard"", ""difficulty"": ""hard"", ""word_index"": 1, ""char_indices"": [0, 1], ""operation_count"": 2}, {""edit_num"": 2, ""old"": ""students"", ""new"": ""syjdents"", ""location"": ""any"", ""typo_type"": ""keyboard"", ""difficulty"": ""hard"", ""word_index"": 6, ""char_indices"": [1, 2], ""operation_count"": 2}, {""edit_num"": 3, ""old"": ""focus"", ""new"": ""rodus"", ""location"": ""any"", ""typo_type"": ""keyboard"", ""difficulty"": ""hard"", ""word_index"": 8, ""char_indices"": [0, 2], ""operation_count"": 2}]"
56f7f2e0aef2371900625cb0,corrupted,keyboard,any,1,When did Martin Luther receive his Doctor of Theology?,When did Martin Luther recrivd his Doctor of Theology?,13,2,0.0,"[{""edit_num"": 1, ""old"": ""receive"", ""new"": ""recrivd"", ""location"": ""any"", ""typo_type"": ""keyboard"", ""difficulty"": ""hard"", ""word_index"": 4, ""char_indices"": [3, 6], ""operation_count"": 2}]"
56f7f2e0aef2371900625cb0,corrupted,keyboard,any,2,When did Martin Luther receive his Doctor of Theology?,When did Martin Ljthed recrivd his Doctor of Theology?,15,4,0.1428571428571429,"[{""edit_num"": 1, ""old"": ""receive"", ""new"": ""recrivd"", ""location"": ""any"", ""typo_type"": ""keyboard"", ""difficulty"": ""hard"", ""word_index"": 4, ""char_indices"": [3, 6], ""operation_count"": 2}, {""edit_num"": 2, ""old"": ""Luther"", ""new"": ""Ljthed"", ""location"": ""any"", ""typo_type"": ""keyboard"", ""difficulty"": ""hard"", ""word_index"": 3, ""char_indices"": [1, 5], ""operation_count"": 2}]"
56f7f2e0aef2371900625cb0,corrupted,keyboard,any,3,When did Martin Luther receive his Doctor of Theology?,When did Martin Ljthed recrivd his Dpctir of Theology?,18,7,0.1428571428571429,"[{""edit_num"": 1, ""old"": ""receive"", ""new"": ""recrivd"", ""location"": ""any"", ""typo_type"": ""keyboard"", ""difficulty"": ""hard"", ""word_index"": 4, ""char_indices"": [3, 6], ""operation_count"": 2}, {""edit_num"": 2, ""old"": ""Luther"", ""new"": ""Ljthed"", ""location"": ""any"", ""typo_type"": ""keyboard"", ""difficulty"": ""hard"", ""word_index"": 3, ""char_indices"": [1, 5], ""operation_count"": 2}, {""edit_num"": 3, ""old"": ""Doctor"", ""new"": ""Dpctir"", ""location"": ""any"", ""typo_type"": ""keyboard"", ""difficulty"": ""hard"", ""word_index"": 6, ""char_indices"": [1, 4], ""operation_count"": 2}]"
56f7fde8a6d7ea1400e17367,corrupted,keyboard,any,1,When was Johann Tetzel sent by the Roman Catholic Church to Germany to sell indulgences?,Syen was Johann Tetzel sent by the Roman Catholic Church to Germany to sell indulgences?,20,1,0.6666666666666666,"[{""edit_num"": 1, ""old"": ""When"", ""new"": ""Syen"", ""location"": ""any"", ""typo_type"": ""keyboard"", ""difficulty"": ""hard"", ""word_index"": 0, ""char_indices"": [0, 1], ""operation_count"": 2}]"
56f7fde8a6d7ea1400e17367,corrupted,keyboard,any,2,When was Johann Tetzel sent by the Roman Catholic Church to Germany to sell indulgences?,Syen was Johann Tetzel sent by the Roman Cafhllic Church to Germany to sell indulgences?,22,3,0.6666666666666666,"[{""edit_num"": 1, ""old"": ""When"", ""new"": ""Syen"", ""location"": ""any"", ""typo_type"": ""keyboard"", ""difficulty"": ""hard"", ""word_index"": 0, ""char_indices"": [0, 1], ""operation_count"": 2}, {""edit_num"": 2, ""old"": ""Catholic"", ""new"": ""Cafhllic"", ""location"": ""any"", ""typo_type"": ""keyboard"", ""difficulty"": ""hard"", ""word_index"": 8, ""char_indices"": [2, 4], ""operation_count"": 2}]"
56f7fde8a6d7ea1400e17367,corrupted,keyboard,any,3,When was Johann Tetzel sent by the Roman Catholic Church to Germany to sell indulgences?,Syen was Johann Tefsel sent by the Roman Cafhllic Church to Germany to sell indulgences?,23,4,0.5,"[{""edit_num"": 1, ""old"": ""When"", ""new"": ""Syen"", ""location"": ""any"", ""typo_type"": ""keyboard"", ""difficulty"": ""hard"", ""word_index"": 0, ""char_indices"": [0, 1], ""operation_count"": 2}, {""edit_num"": 2, ""old"": ""Catholic"", ""new"": ""Cafhllic"", ""location"": ""any"", ""typo_type"": ""keyboard"", ""difficulty"": ""hard"", ""word_index"": 8, ""char_indices"": [2, 4], ""operation_count"": 2}, {""edit_num"": 3, ""old"": ""Tetzel"", ""new"": ""Tefsel"", ""location"": ""any"", ""typo_type"": ""keyboard"", ""difficulty"": ""hard"", ""word_index"": 3, ""char_indices"": [2, 3], ""operation_count"": 2}]"
5705eb3375f01819005e7767,corrupted,keyboard,any,1,"Other than the motion picture and television industry, what other major industry is centered in Los Angeles?","Other than the motion picture and gelevisipn industry, what other major industry is centered in Los Angeles?",22,3,1.0,"[{""edit_num"": 1, ""old"": ""television"", ""new"": ""gelevisipn"", ""location"": ""any"", ""typo_type"": ""keyboard"", ""difficulty"": ""hard"", ""word_index"": 6, ""char_indices"": [0, 8], ""operation_count"": 2}]"
5705eb3375f01819005e7767,corrupted,keyboard,any,2,"Other than the motion picture and television industry, what other major industry is centered in Los Angeles?","Other yhaj the motion picture and gelevisipn industry, what other major industry is centered in Los Angeles?",24,5,1.0,"[{""edit_num"": 1, ""old"": ""television"", ""new"": ""gelevisipn"", ""location"": ""any"", ""typo_type"": ""keyboard"", ""difficulty"": ""hard"", ""word_index"": 6, ""char_indices"": [0, 8], ""operation_count"": 2}, {""edit_num"": 2, ""old"": ""than"", ""new"": ""yhaj"", ""location"": ""any"", ""typo_type"": ""keyboard"", ""difficulty"": ""hard"", ""word_index"": 1, ""char_indices"": [0, 3], ""operation_count"": 2}]"
5705eb3375f01819005e7767,corrupted,keyboard,any,3,"Other than the motion picture and television industry, what other major industry is centered in Los Angeles?","Other yhaj the motion picture and gelevisipn industry, wyst other major industry is centered in Los Angeles?",24,5,1.0,"[{""edit_num"": 1, ""old"": ""television"", ""new"": ""gelevisipn"", ""location"": ""any"", ""typo_type"": ""keyboard"", ""difficulty"": ""hard"", ""word_index"": 6, ""char_indices"": [0, 8], ""operation_count"": 2}, {""edit_num"": 2, ""old"": ""than"", ""new"": ""yhaj"", ""location"": ""any"", ""typo_type"": ""keyboard"", ""difficulty"": ""hard"", ""word_index"": 1, ""char_indices"": [0, 3], ""operation_count"": 2}, {""edit_num"": 3, ""old"": ""what"", ""new"": ""wyst"", ""location"": ""any"", ""typo_type"": ""keyboard"", ""difficulty"": ""hard"", ""word_index"": 8, ""char_indices"": [1, 2], ""operation_count"": 2}]"
570603c475f01819005e7884,corrupted,keyboard,any,1,What is the state average growth rate?,Wgzt is the state average growth rate?,10,2,0.0,"[{""edit_num"": 1, ""old"": ""What"", ""new"": ""Wgzt"", ""location"": ""any"", ""typo_type"": ""keyboard"", ""difficulty"": ""hard"", ""word_index"": 0, ""char_indices"": [1, 2], ""operation_count"": 2}]"
570603c475f01819005e7884,corrupted,keyboard,any,2,What is the state average growth rate?,Wgzt is the state average groayh rate?,12,4,0.0,"[{""edit_num"": 1, ""old"": ""What"", ""new"": ""Wgzt"", ""location"": ""any"", ""typo_type"": ""keyboard"", ""difficulty"": ""hard"", ""word_index"": 0, ""char_indices"": [1, 2], ""operation_count"": 2}, {""edit_num"": 2, ""old"": ""growth"", ""new"": ""groayh"", ""location"": ""any"", ""typo_type"": ""keyboard"", ""difficulty"": ""hard"", ""word_index"": 5, ""char_indices"": [3, 4], ""operation_count"": 2}]"
570603c475f01819005e7884,corrupted,keyboard,any,3,What is the state average growth rate?,Wgzt is the state avwdage groayh rate?,14,6,0.0,"[{""edit_num"": 1, ""old"": ""What"", ""new"": ""Wgzt"", ""location"": ""any"", ""typo_type"": ""keyboard"", ""difficulty"": ""hard"", ""word_index"": 0, ""char_indices"": [1, 2], ""operation_count"": 2}, {""edit_num"": 2, ""old"": ""growth"", ""new"": ""groayh"", ""location"": ""any"", ""typo_type"": ""keyboard"", ""difficulty"": ""hard"", ""word_index"": 5, ""char_indices"": [3, 4], ""operation_count"": 2}, {""edit_num"": 3, ""old"": ""average"", ""new"": ""avwdage"", ""location"": ""any"", ""typo_type"": ""keyboard"", ""difficulty"": ""hard"", ""word_index"": 4, ""char_indices"": [2, 3], ""operation_count"": 2}]"
57097051ed30961900e84135,corrupted,keyboard,any,1,Who did BSkyB compete with initially?,Who did BSkyB compete with iniriakly?,12,3,0.0,"[{""edit_num"": 1, ""old"": ""initially"", ""new"": ""iniriakly"", ""location"": ""any"", ""typo_type"": ""keyboard"", ""difficulty"": ""hard"", ""word_index"": 5, ""char_indices"": [3, 6], ""operation_count"": 2}]"
57097051ed30961900e84135,corrupted,keyboard,any,2,Who did BSkyB compete with initially?,Who did HAkyB compete with iniriakly?,12,3,0.0,"[{""edit_num"": 1, ""old"": ""initially"", ""new"": ""iniriakly"", ""location"": ""any"", ""typo_type"": ""keyboard"", ""difficulty"": ""hard"", ""word_index"": 5, ""char_indices"": [3, 6], ""operation_count"": 2}, {""edit_num"": 2, ""old"": ""BSkyB"", ""new"": ""HAkyB"", ""location"": ""any"", ""typo_type"": ""keyboard"", ""difficulty"": ""hard"", ""word_index"": 2, ""char_indices"": [0, 1], ""operation_count"": 2}]"
57097051ed30961900e84135,corrupted,keyboard,any,3,Who did BSkyB compete with initially?,Who did HAkyB compete wifj iniriakly?,14,5,0.0,"[{""edit_num"": 1, ""old"": ""initially"", ""new"": ""iniriakly"", ""location"": ""any"", ""typo_type"": ""keyboard"", ""difficulty"": ""hard"", ""word_index"": 5, ""char_indices"": [3, 6], ""operation_count"": 2}, {""edit_num"": 2, ""old"": ""BSkyB"", ""new"": ""HAkyB"", ""location"": ""any"", ""typo_type"": ""keyboard"", ""difficulty"": ""hard"", ""word_index"": 2, ""char_indices"": [0, 1], ""operation_count"": 2}, {""edit_num"": 3, ""old"": ""with"", ""new"": ""wifj"", ""location"": ""any"", ""typo_type"": ""keyboard"", ""difficulty"": ""hard"", ""word_index"": 4, ""char_indices"": [2, 3], ""operation_count"": 2}]"
570d26efb3d812140066d493,corrupted,keyboard,any,1,How often are elections held for the Victorian Parliament?,How often are elections grld for the Victorian Parliament?,11,1,0.0,"[{""edit_num"": 1, ""old"": ""held"", ""new"": ""grld"", ""location"": ""any"", ""typo_type"": ""keyboard"", ""difficulty"": ""hard"", ""word_index"": 4, ""char_indices"": [0, 1], ""operation_count"": 2}]"
570d26efb3d812140066d493,corrupted,keyboard,any,2,How often are elections held for the Victorian Parliament?,How often are elections grld for the Victorian Pwrlizment?,15,5,0.0,"[{""edit_num"": 1, ""old"": ""held"", ""new"": ""grld"", ""location"": ""any"", ""typo_type"": ""keyboard"", ""difficulty"": ""hard"", ""word_index"": 4, ""char_indices"": [0, 1], ""operation_count"": 2}, {""edit_num"": 2, ""old"": ""Parliament"", ""new"": ""Pwrlizment"", ""location"": ""any"", ""typo_type"": ""keyboard"", ""difficulty"": ""hard"", ""word_index"": 8, ""char_indices"": [1, 5], ""operation_count"": 2}]"
570d26efb3d812140066d493,corrupted,keyboard,any,3,How often are elections held for the Victorian Parliament?,How often are wlectiojs grld for the Victorian Pwrlizment?,18,8,0.0,"[{""edit_num"": 1, ""old"": ""held"", ""new"": ""grld"", ""location"": ""any"", ""typo_type"": ""keyboard"", ""difficulty"": ""hard"", ""word_index"": 4, ""char_indices"": [0, 1], ""operation_count"": 2}, {""edit_num"": 2, ""old"": ""Parliament"", ""new"": ""Pwrlizment"", ""location"": ""any"", ""typo_type"": ""keyboard"", ""difficulty"": ""hard"", ""word_index"": 8, ""char_indices"": [1, 5], ""operation_count"": 2}, {""edit_num"": 3, ""old"": ""elections"", ""new"": ""wlectiojs"", ""location"": ""any"", ""typo_type"": ""keyboard"", ""difficulty"": ""hard"", ""word_index"": 3, ""char_indices"": [0, 7], ""operation_count"": 2}]"
571127a5a58dae1900cd6cc5,corrupted,keyboard,any,1,On what date did the first railway trip in the world occur?,On what date did the first railway teup in the world occur?,14,1,0.0,"[{""edit_num"": 1, ""old"": ""trip"", ""new"": ""teup"", ""location"": ""any"", ""typo_type"": ""keyboard"", ""difficulty"": ""hard"", ""word_index"": 7, ""char_indices"": [1, 2], ""operation_count"": 2}]"
571127a5a58dae1900cd6cc5,corrupted,keyboard,any,2,On what date did the first railway trip in the world occur?,On what dwge did the first railway teup in the world occur?,15,2,0.19999999999999996,"[{""edit_num"": 1, ""old"": ""trip"", ""new"": ""teup"", ""location"": ""any"", ""typo_type"": ""keyboard"", ""difficulty"": ""hard"", ""word_index"": 7, ""char_indices"": [1, 2], ""operation_count"": 2}, {""edit_num"": 2, ""old"": ""date"", ""new"": ""dwge"", ""location"": ""any"", ""typo_type"": ""keyboard"", ""difficulty"": ""hard"", ""word_index"": 2, ""char_indices"": [1, 2], ""operation_count"": 2}]"
571127a5a58dae1900cd6cc5,corrupted,keyboard,any,3,On what date did the first railway trip in the world occur?,On what dwge did the first rsilwqy teup in the world occur?,19,6,0.19999999999999996,"[{""edit_num"": 1, ""old"": ""trip"", ""new"": ""teup"", ""location"": ""any"", ""typo_type"": ""keyboard"", ""difficulty"": ""hard"", ""word_index"": 7, ""char_indices"": [1, 2], ""operation_count"": 2}, {""edit_num"": 2, ""old"": ""date"", ""new"": ""dwge"", ""location"": ""any"", ""typo_type"": ""keyboard"", ""difficulty"": ""hard"", ""word_index"": 2, ""char_indices"": [1, 2], ""operation_count"": 2}, {""edit_num"": 3, ""old"": ""railway"", ""new"": ""rsilwqy"", ""location"": ""any"", ""typo_type"": ""keyboard"", ""difficulty"": ""hard"", ""word_index"": 6, ""char_indices"": [1, 5], ""operation_count"": 2}]"
571bb2269499d21900609caa,corrupted,keyboard,any,1,What element makes up almost half of the earth's crust by mass?,What element makes up almost half of the esrgh's crust by mass?,16,2,-1.0,"[{""edit_num"": 1, ""old"": ""earth"", ""new"": ""esrgh"", ""location"": ""any"", ""typo_type"": ""keyboard"", ""difficulty"": ""hard"", ""word_index"": 8, ""char_indices"": [1, 3], ""operation_count"": 2}]"
571bb2269499d21900609caa,corrupted,keyboard,any,2,What element makes up almost half of the earth's crust by mass?,What element makes up almpsf half of the esrgh's crust by mass?,18,4,-1.0,"[{""edit_num"": 1, ""old"": ""earth"", ""new"": ""esrgh"", ""location"": ""any"", ""typo_type"": ""keyboard"", ""difficulty"": ""hard"", ""word_index"": 8, ""char_indices"": [1, 3], ""operation_count"": 2}, {""edit_num"": 2, ""old"": ""almost"", ""new"": ""almpsf"", ""location"": ""any"", ""typo_type"": ""keyboard"", ""difficulty"": ""hard"", ""word_index"": 4, ""char_indices"": [3, 5], ""operation_count"": 2}]"
571bb2269499d21900609caa,corrupted,keyboard,any,3,What element makes up almost half of the earth's crust by mass?,What element makes up almpsf uzlf of the esrgh's crust by mass?,19,5,-1.0,"[{""edit_num"": 1, ""old"": ""earth"", ""new"": ""esrgh"", ""location"": ""any"", ""typo_type"": ""keyboard"", ""difficulty"": ""hard"", ""word_index"": 8, ""char_indices"": [1, 3], ""operation_count"": 2}, {""edit_num"": 2, ""old"": ""almost"", ""new"": ""almpsf"", ""location"": ""any"", ""typo_type"": ""keyboard"", ""difficulty"": ""hard"", ""word_index"": 4, ""char_indices"": [3, 5], ""operation_count"": 2}, {""edit_num"": 3, ""old"": ""half"", ""new"": ""uzlf"", ""location"": ""any"", ""typo_type"": ""keyboard"", ""difficulty"": ""hard"", ""word_index"": 5, ""char_indices"": [0, 1], ""operation_count"": 2}]"
571cde695efbb31900334e18,corrupted,keyboard,any,1,Which organic compounds contain the greatest amount of oxygen by mass?,Which organic compounds contain the greatest amount of oshgen by mass?,14,2,0.0,"[{""edit_num"": 1, ""old"": ""oxygen"", ""new"": ""oshgen"", ""location"": ""any"", ""typo_type"": ""keyboard"", ""difficulty"": ""hard"", ""word_index"": 8, ""char_indices"": [1, 2], ""operation_count"": 2}]"
571cde695efbb31900334e18,corrupted,keyboard,any,2,Which organic compounds contain the greatest amount of oxygen by mass?,Which organic compounds congaon the greatest amount of oshgen by mass?,16,4,0.0,"[{""edit_num"": 1, ""old"": ""oxygen"", ""new"": ""oshgen"", ""location"": ""any"", ""typo_type"": ""keyboard"", ""difficulty"": ""hard"", ""word_index"": 8, ""char_indices"": [1, 2], ""operation_count"": 2}, {""edit_num"": 2, ""old"": ""contain"", ""new"": ""congaon"", ""location"": ""any"", ""typo_type"": ""keyboard"", ""difficulty"": ""hard"", ""word_index"": 3, ""char_indices"": [3, 5], ""operation_count"": 2}]"
571cde695efbb31900334e18,corrupted,keyboard,any,3,Which organic compounds contain the greatest amount of oxygen by mass?,Which orbanoc compounds congaon the greatest amount of oshgen by mass?,18,6,0.0,"[{""edit_num"": 1, ""old"": ""oxygen"", ""new"": ""oshgen"", ""location"": ""any"", ""typo_type"": ""keyboard"", ""difficulty"": ""hard"", ""word_index"": 8, ""char_indices"": [1, 2], ""operation_count"": 2}, {""edit_num"": 2, ""old"": ""contain"", ""new"": ""congaon"", ""location"": ""any"", ""typo_type"": ""keyboard"", ""difficulty"": ""hard"", ""word_index"": 3, ""char_indices"": [3, 5], ""operation_count"": 2}, {""edit_num"": 3, ""old"": ""organic"", ""new"": ""orbanoc"", ""location"": ""any"", ""typo_type"": ""keyboard"", ""difficulty"": ""hard"", ""word_index"": 1, ""char_indices"": [2, 5], ""operation_count"": 2}]"
5725be0fec44d21400f3d4a5,corrupted,keyboard,any,1,Who originally led the Space Task Group?,Who originally led the Space Task Grojo?,9,1,0.0,"[{""edit_num"": 1, ""old"": ""Group"", ""new"": ""Grojo"", ""location"": ""any"", ""typo_type"": ""keyboard"", ""difficulty"": ""hard"", ""word_index"": 6, ""char_indices"": [3, 4], ""operation_count"": 2}]"
5725be0fec44d21400f3d4a5,corrupted,keyboard,any,2,Who originally led the Space Task Group?,Who origihallh led the Space Task Grojo?,12,4,0.0,"[{""edit_num"": 1, ""old"": ""Group"", ""new"": ""Grojo"", ""location"": ""any"", ""typo_type"": ""keyboard"", ""difficulty"": ""hard"", ""word_index"": 6, ""char_indices"": [3, 4], ""operation_count"": 2}, {""edit_num"": 2, ""old"": ""originally"", ""new"": ""origihallh"", ""location"": ""any"", ""typo_type"": ""keyboard"", ""difficulty"": ""hard"", ""word_index"": 1, ""char_indices"": [5, 9], ""operation_count"": 2}]"
5725be0fec44d21400f3d4a5,corrupted,keyboard,any,3,Who originally led the Space Task Group?,Who origihallh led the Space Rawk Grojo?,13,5,0.0,"[{""edit_num"": 1, ""old"": ""Group"", ""new"": ""Grojo"", ""location"": ""any"", ""typo_type"": ""keyboard"", ""difficulty"": ""hard"", ""word_index"": 6, ""char_indices"": [3, 4], ""operation_count"": 2}, {""edit_num"": 2, ""old"": ""originally"", ""new"": ""origihallh"", ""location"": ""any"", ""typo_type"": ""keyboard"", ""difficulty"": ""hard"", ""word_index"": 1, ""char_indices"": [5, 9], ""operation_count"": 2}, {""edit_num"": 3, ""old"": ""Task"", ""new"": ""Rawk"", ""location"": ""any"", ""typo_type"": ""keyboard"", ""difficulty"": ""hard"", ""word_index"": 5, ""char_indices"": [0, 2], ""operation_count"": 2}]"
5725d662ec44d21400f3d687,corrupted,keyboard,any,1,How many large public parks does Fresno have?,How many large public pstks does Fresno have?,10,1,0.0,"[{""edit_num"": 1, ""old"": ""parks"", ""new"": ""pstks"", ""location"": ""any"", ""typo_type"": ""keyboard"", ""difficulty"": ""hard"", ""word_index"": 4, ""char_indices"": [1, 2], ""operation_count"": 2}]"
5725d662ec44d21400f3d687,corrupted,keyboard,any,2,How many large public parks does Fresno have?,How many large public pstks cors Fresno have?,10,1,0.0,"[{""edit_num"": 1, ""old"": ""parks"", ""new"": ""pstks"", ""location"": ""any"", ""typo_type"": ""keyboard"", ""difficulty"": ""hard"", ""word_index"": 4, ""char_indices"": [1, 2], ""operation_count"": 2}, {""edit_num"": 2, ""old"": ""does"", ""new"": ""cors"", ""location"": ""any"", ""typo_type"": ""keyboard"", ""difficulty"": ""hard"", ""word_index"": 5, ""char_indices"": [0, 2], ""operation_count"": 2}]"
5725d662ec44d21400f3d687,corrupted,keyboard,any,3,How many large public parks does Fresno have?,How many large public pstks cors Frssnk have?,12,3,0.0,"[{""edit_num"": 1, ""old"": ""parks"", ""new"": ""pstks"", ""location"": ""any"", ""typo_type"": ""keyboard"", ""difficulty"": ""hard"", ""word_index"": 4, ""char_indices"": [1, 2], ""operation_count"": 2}, {""edit_num"": 2, ""old"": ""does"", ""new"": ""cors"", ""location"": ""any"", ""typo_type"": ""keyboard"", ""difficulty"": ""hard"", ""word_index"": 5, ""char_indices"": [0, 2], ""operation_count"": 2}, {""edit_num"": 3, ""old"": ""Fresno"", ""new"": ""Frssnk"", ""location"": ""any"", ""typo_type"": ""keyboard"", ""difficulty"": ""hard"", ""word_index"": 6, ""char_indices"": [2, 5], ""operation_count"": 2}]"
5725e748ec44d21400f3d733,corrupted,keyboard,any,1,What type of homes is Fresno known for?,Shst type of homes is Fresno known for?,10,1,0.0,"[{""edit_num"": 1, ""old"": ""What"", ""new"": ""Shst"", ""location"": ""any"", ""typo_type"": ""keyboard"", ""difficulty"": ""hard"", ""word_index"": 0, ""char_indices"": [0, 2], ""operation_count"": 2}]"
5725e748ec44d21400f3d733,corrupted,keyboard,any,2,What type of homes is Fresno known for?,Shst type of hkjes is Fresno known for?,11,2,-0.8181818181818182,"[{""edit_num"": 1, ""old"": ""What"", ""new"": ""Shst"", ""location"": ""any"", ""typo_type"": ""keyboard"", ""difficulty"": ""hard"", ""word_index"": 0, ""char_indices"": [0, 2], ""operation_count"": 2}, {""edit_num"": 2, ""old"": ""homes"", ""new"": ""hkjes"", ""location"": ""any"", ""typo_type"": ""keyboard"", ""difficulty"": ""hard"", ""word_index"": 3, ""char_indices"": [1, 2], ""operation_count"": 2}]"
5725e748ec44d21400f3d733,corrupted,keyboard,any,3,What type of homes is Fresno known for?,Shst type of hkjes is Feesjo known for?,12,3,0.1818181818181818,"[{""edit_num"": 1, ""old"": ""What"", ""new"": ""Shst"", ""location"": ""any"", ""typo_type"": ""keyboard"", ""difficulty"": ""hard"", ""word_index"": 0, ""char_indices"": [0, 2], ""operation_count"": 2}, {""edit_num"": 2, ""old"": ""homes"", ""new"": ""hkjes"", ""location"": ""any"", ""typo_type"": ""keyboard"", ""difficulty"": ""hard"", ""word_index"": 3, ""char_indices"": [1, 2], ""operation_count"": 2}, {""edit_num"": 3, ""old"": ""Fresno"", ""new"": ""Feesjo"", ""location"": ""any"", ""typo_type"": ""keyboard"", ""difficulty"": ""hard"", ""word_index"": 5, ""char_indices"": [1, 4], ""operation_count"": 2}]"
5726400589a1e219009ac5f2,corrupted,keyboard,any,1,How many different species of ctenohore are there?,How kzny different species of ctenohore are there?,13,1,0.09090909090909083,"[{""edit_num"": 1, ""old"": ""many"", ""new"": ""kzny"", ""location"": ""any"", ""typo_type"": ""keyboard"", ""difficulty"": ""hard"", ""word_index"": 1, ""char_indices"": [0, 1], ""operation_count"": 2}]"
5726400589a1e219009ac5f2,corrupted,keyboard,any,2,How many different species of ctenohore are there?,How kzny different species of ctwnohoee are there?,13,1,0.5454545454545455,"[{""edit_num"": 1, ""old"": ""many"", ""new"": ""kzny"", ""location"": ""any"", ""typo_type"": ""keyboard"", ""difficulty"": ""hard"", ""word_index"": 1, ""char_indices"": [0, 1], ""operation_count"": 2}, {""edit_num"": 2, ""old"": ""ctenohore"", ""new"": ""ctwnohoee"", ""location"": ""any"", ""typo_type"": ""keyboard"", ""difficulty"": ""hard"", ""word_index"": 5, ""char_indices"": [2, 7], ""operation_count"": 2}]"
5726400589a1e219009ac5f2,corrupted,keyboard,any,3,How many different species of ctenohore are there?,How kzny ciffdrent species of ctwnohoee are there?,16,4,0.09090909090909083,"[{""edit_num"": 1, ""old"": ""many"", ""new"": ""kzny"", ""location"": ""any"", ""typo_type"": ""keyboard"", ""difficulty"": ""hard"", ""word_index"": 1, ""char_indices"": [0, 1], ""operation_count"": 2}, {""edit_num"": 2, ""old"": ""ctenohore"", ""new"": ""ctwnohoee"", ""location"": ""any"", ""typo_type"": ""keyboard"", ""difficulty"": ""hard"", ""word_index"": 5, ""char_indices"": [2, 7], ""operation_count"": 2}, {""edit_num"": 3, ""old"": ""different"", ""new"": ""ciffdrent"", ""location"": ""any"", ""typo_type"": ""keyboard"", ""difficulty"": ""hard"", ""word_index"": 2, ""char_indices"": [0, 4], ""operation_count"": 2}]"
5726d9935951b619008f7ff1,corrupted,keyboard,any,1,What types of preparation do pharmacists have?,What types of preparation do phatkacists have?,10,1,0.0,"[{""edit_num"": 1, ""old"": ""pharmacists"", ""new"": ""phatkacists"", ""location"": ""any"", ""typo_type"": ""keyboard"", ""difficulty"": ""hard"", ""word_index"": 5, ""char_indices"": [3, 4], ""operation_count"": 2}]"
5726d9935951b619008f7ff1,corrupted,keyboard,any,2,What types of preparation do pharmacists have?,Wjay types of preparation do phatkacists have?,11,2,1.0,"[{""edit_num"": 1, ""old"": ""pharmacists"", ""new"": ""phatkacists"", ""location"": ""any"", ""typo_type"": ""keyboard"", ""difficulty"": ""hard"", ""word_index"": 5, ""char_indices"": [3, 4], ""operation_count"": 2}, {""edit_num"": 2, ""old"": ""What"", ""new"": ""Wjay"", ""location"": ""any"", ""typo_type"": ""keyboard"", ""difficulty"": ""hard"", ""word_index"": 0, ""char_indices"": [1, 3], ""operation_count"": 2}]"
5726d9935951b619008f7ff1,corrupted,keyboard,any,3,What types of preparation do pharmacists have?,Wjay types of preparation do phatkacists uqve?,13,4,1.0,"[{""edit_num"": 1, ""old"": ""pharmacists"", ""new"": ""phatkacists"", ""location"": ""any"", ""typo_type"": ""keyboard"", ""difficulty"": ""hard"", ""word_index"": 5, ""char_indices"": [3, 4], ""operation_count"": 2}, {""edit_num"": 2, ""old"": ""What"", ""new"": ""Wjay"", ""location"": ""any"", ""typo_type"": ""keyboard"", ""difficulty"": ""hard"", ""word_index"": 0, ""char_indices"": [1, 3], ""operation_count"": 2}, {""edit_num"": 3, ""old"": ""have"", ""new"": ""uqve"", ""location"": ""any"", ""typo_type"": ""keyboard"", ""difficulty"": ""hard"", ""word_index"": 6, ""char_indices"": [0, 1], ""operation_count"": 2}]"
5727e9523acd2414000def99,corrupted,keyboard,any,1,How is income determined in a market with variously skilled workers?,How is income determined in a market with variously skilker workers?,15,2,0.2666666666666666,"[{""edit_num"": 1, ""old"": ""skilled"", ""new"": ""skilker"", ""location"": ""any"", ""typo_type"": ""keyboard"", ""difficulty"": ""hard"", ""word_index"": 9, ""char_indices"": [4, 6], ""operation_count"": 2}]"
5727e9523acd2414000def99,corrupted,keyboard,any,2,How is income determined in a market with variously skilled workers?,How is income degermoned in a market with variously skilker workers?,18,5,0.6175438596491227,"[{""edit_num"": 1, ""old"": ""skilled"", ""new"": ""skilker"", ""location"": ""any"", ""typo_type"": ""keyboard"", ""difficulty"": ""hard"", ""word_index"": 9, ""char_indices"": [4, 6], ""operation_count"": 2}, {""edit_num"": 2, ""old"": ""determined"", ""new"": ""degermoned"", ""location"": ""any"", ""typo_type"": ""keyboard"", ""difficulty"": ""hard"", ""word_index"": 3, ""char_indices"": [2, 6], ""operation_count"": 2}]"
5727e9523acd2414000def99,corrupted,keyboard,any,3,How is income determined in a market with variously skilled workers?,How is income degermoned in a market with variously skilker wodksrs?,21,8,0.6175438596491227,"[{""edit_num"": 1, ""old"": ""skilled"", ""new"": ""skilker"", ""location"": ""any"", ""typo_type"": ""keyboard"", ""difficulty"": ""hard"", ""word_index"": 9, ""char_indices"": [4, 6], ""operation_count"": 2}, {""edit_num"": 2, ""old"": ""determined"", ""new"": ""degermoned"", ""location"": ""any"", ""typo_type"": ""keyboard"", ""difficulty"": ""hard"", ""word_index"": 3, ""char_indices"": [2, 6], ""operation_count"": 2}, {""edit_num"": 3, ""old"": ""workers"", ""new"": ""wodksrs"", ""location"": ""any"", ""typo_type"": ""keyboard"", ""difficulty"": ""hard"", ""word_index"": 10, ""char_indices"": [2, 4], ""operation_count"": 2}]"
5727f44c2ca10214002d9a33,corrupted,keyboard,any,1,What creatures were the most popular monsters in the series?,What creatures qdre the most popular monsters in the series?,12,1,0.0,"[{""edit_num"": 1, ""old"": ""were"", ""new"": ""qdre"", ""location"": ""any"", ""typo_type"": ""keyboard"", ""difficulty"": ""hard"", ""word_index"": 2, ""char_indices"": [0, 1], ""operation_count"": 2}]"
5727f44c2ca10214002d9a33,corrupted,keyboard,any,2,What creatures were the most popular monsters in the series?,What crdaturss qdre the most popular monsters in the series?,15,4,0.0,"[{""edit_num"": 1, ""old"": ""were"", ""new"": ""qdre"", ""location"": ""any"", ""typo_type"": ""keyboard"", ""difficulty"": ""hard"", ""word_index"": 2, ""char_indices"": [0, 1], ""operation_count"": 2}, {""edit_num"": 2, ""old"": ""creatures"", ""new"": ""crdaturss"", ""location"": ""any"", ""typo_type"": ""keyboard"", ""difficulty"": ""hard"", ""word_index"": 1, ""char_indices"": [2, 7], ""operation_count"": 2}]"
5727f44c2ca10214002d9a33,corrupted,keyboard,any,3,What creatures were the most popular monsters in the series?,What crdaturss qdre the most popular jonstefs in the series?,17,6,0.0,"[{""edit_num"": 1, ""old"": ""were"", ""new"": ""qdre"", ""location"": ""any"", ""typo_type"": ""keyboard"", ""difficulty"": ""hard"", ""word_index"": 2, ""char_indices"": [0, 1], ""operation_count"": 2}, {""edit_num"": 2, ""old"": ""creatures"", ""new"": ""crdaturss"", ""location"": ""any"", ""typo_type"": ""keyboard"", ""difficulty"": ""hard"", ""word_index"": 1, ""char_indices"": [2, 7], ""operation_count"": 2}, {""edit_num"": 3, ""old"": ""monsters"", ""new"": ""jonstefs"", ""location"": ""any"", ""typo_type"": ""keyboard"", ""difficulty"": ""hard"", ""word_index"": 6, ""char_indices"": [0, 6], ""operation_count"": 2}]"
5727f746ff5b5019007d9960,corrupted,keyboard,any,1,What was the name of the first episode of the new Doctor Who series?,What was the haje of the first episode of the new Doctor Who series?,16,1,0.8666666666666667,"[{""edit_num"": 1, ""old"": ""name"", ""new"": ""haje"", ""location"": ""any"", ""typo_type"": ""keyboard"", ""difficulty"": ""hard"", ""word_index"": 3, ""char_indices"": [0, 2], ""operation_count"": 2}]"
5727f746ff5b5019007d9960,corrupted,keyboard,any,2,What was the name of the first episode of the new Doctor Who series?,What was the haje of the fiedt episode of the new Doctor Who series?,18,3,0.75,"[{""edit_num"": 1, ""old"": ""name"", ""new"": ""haje"", ""location"": ""any"", ""typo_type"": ""keyboard"", ""difficulty"": ""hard"", ""word_index"": 3, ""char_indices"": [0, 2], ""operation_count"": 2}, {""edit_num"": 2, ""old"": ""first"", ""new"": ""fiedt"", ""location"": ""any"", ""typo_type"": ""keyboard"", ""difficulty"": ""hard"", ""word_index"": 6, ""char_indices"": [2, 3], ""operation_count"": 2}]"
5727f746ff5b5019007d9960,corrupted,keyboard,any,3,What was the name of the first episode of the new Doctor Who series?,What was the haje of the fiedt episode of the new Doctor Who derirs?,19,4,0.75,"[{""edit_num"": 1, ""old"": ""name"", ""new"": ""haje"", ""location"": ""any"", ""typo_type"": ""keyboard"", ""difficulty"": ""hard"", ""word_index"": 3, ""char_indices"": [0, 2], ""operation_count"": 2}, {""edit_num"": 2, ""old"": ""first"", ""new"": ""fiedt"", ""location"": ""any"", ""typo_type"": ""keyboard"", ""difficulty"": ""hard"", ""word_index"": 6, ""char_indices"": [2, 3], ""operation_count"": 2}, {""edit_num"": 3, ""old"": ""series"", ""new"": ""derirs"", ""location"": ""any"", ""typo_type"": ""keyboard"", ""difficulty"": ""hard"", ""word_index"": 13, ""char_indices"": [0, 4], ""operation_count"": 2}]"
5728455bff5b5019007da078,corrupted,keyboard,any,1,What tool has measured the amount of dust that travels from the Sahara to the Amazon?,What tool has measured the amount of dust thsg travels from the Sahara to the Amazon?,18,1,0.0,"[{""edit_num"": 1, ""old"": ""that"", ""new"": ""thsg"", ""location"": ""any"", ""typo_type"": ""keyboard"", ""difficulty"": ""hard"", ""word_index"": 8, ""char_indices"": [2, 3], ""operation_count"": 2}]"
5728455bff5b5019007da078,corrupted,keyboard,any,2,What tool has measured the amount of dust that travels from the Sahara to the Amazon?,Ahar tool has measured the amount of dust thsg travels from the Sahara to the Amazon?,19,2,0.0,"[{""edit_num"": 1, ""old"": ""that"", ""new"": ""thsg"", ""location"": ""any"", ""typo_type"": ""keyboard"", ""difficulty"": ""hard"", ""word_index"": 8, ""char_indices"": [2, 3], ""operation_count"": 2}, {""edit_num"": 2, ""old"": ""What"", ""new"": ""Ahar"", ""location"": ""any"", ""typo_type"": ""keyboard"", ""difficulty"": ""hard"", ""word_index"": 0, ""char_indices"": [0, 3], ""operation_count"": 2}]"
5728455bff5b5019007da078,corrupted,keyboard,any,3,What tool has measured the amount of dust that travels from the Sahara to the Amazon?,Ahar tool has measured the amount of dust thsg tracwls from the Sahara to the Amazon?,22,5,0.0,"[{""edit_num"": 1, ""old"": ""that"", ""new"": ""thsg"", ""location"": ""any"", ""typo_type"": ""keyboard"", ""difficulty"": ""hard"", ""word_index"": 8, ""char_indices"": [2, 3], ""operation_count"": 2}, {""edit_num"": 2, ""old"": ""What"", ""new"": ""Ahar"", ""location"": ""any"", ""typo_type"": ""keyboard"", ""difficulty"": ""hard"", ""word_index"": 0, ""char_indices"": [0, 3], ""operation_count"": 2}, {""edit_num"": 3, ""old"": ""travels"", ""new"": ""tracwls"", ""location"": ""any"", ""typo_type"": ""keyboard"", ""difficulty"": ""hard"", ""word_index"": 9, ""char_indices"": [3, 4], ""operation_count"": 2}]"
5728d5793acd2414000dffb7,corrupted,keyboard,any,1,How was the civil disobedience shown in Antigone?,How was the civil disobedience ahowm in Antigone?,14,2,0.935483870967742,"[{""edit_num"": 1, ""old"": ""shown"", ""new"": ""ahowm"", ""location"": ""any"", ""typo_type"": ""keyboard"", ""difficulty"": ""hard"", ""word_index"": 5, ""char_indices"": [0, 4], ""operation_count"": 2}]"
5728d5793acd2414000dffb7,corrupted,keyboard,any,2,How was the civil disobedience shown in Antigone?,How was the civil disobediejcw ahowm in Antigone?,15,3,0.935483870967742,"[{""edit_num"": 1, ""old"": ""shown"", ""new"": ""ahowm"", ""location"": ""any"", ""typo_type"": ""keyboard"", ""difficulty"": ""hard"", ""word_index"": 5, ""char_indices"": [0, 4], ""operation_count"": 2}, {""edit_num"": 2, ""old"": ""disobedience"", ""new"": ""disobediejcw"", ""location"": ""any"", ""typo_type"": ""keyboard"", ""difficulty"": ""hard"", ""word_index"": 4, ""char_indices"": [9, 11], ""operation_count"": 2}]"
5728d5793acd2414000dffb7,corrupted,keyboard,any,3,How was the civil disobedience shown in Antigone?,How was the civil disobediejcw ahowm in Sntiyone?,16,4,0.935483870967742,"[{""edit_num"": 1, ""old"": ""shown"", ""new"": ""ahowm"", ""location"": ""any"", ""typo_type"": ""keyboard"", ""difficulty"": ""hard"", ""word_index"": 5, ""char_indices"": [0, 4], ""operation_count"": 2}, {""edit_num"": 2, ""old"": ""disobedience"", ""new"": ""disobediejcw"", ""location"": ""any"", ""typo_type"": ""keyboard"", ""difficulty"": ""hard"", ""word_index"": 4, ""char_indices"": [9, 11], ""operation_count"": 2}, {""edit_num"": 3, ""old"": ""Antigone"", ""new"": ""Sntiyone"", ""location"": ""any"", ""typo_type"": ""keyboard"", ""difficulty"": ""hard"", ""word_index"": 7, ""char_indices"": [0, 4], ""operation_count"": 2}]"
5728f2e26aef051400154898,corrupted,keyboard,any,1,What field involves the study of the immune system?,What field invopvws the study of the immune system?,13,3,0.0,"[{""edit_num"": 1, ""old"": ""involves"", ""new"": ""invopvws"", ""location"": ""any"", ""typo_type"": ""keyboard"", ""difficulty"": ""hard"", ""word_index"": 2, ""char_indices"": [4, 6], ""operation_count"": 2}]"
5728f2e26aef051400154898,corrupted,keyboard,any,2,What field involves the study of the immune system?,Qhwt field invopvws the study of the immune system?,15,5,0.0,"[{""edit_num"": 1, ""old"": ""involves"", ""new"": ""invopvws"", ""location"": ""any"", ""typo_type"": ""keyboard"", ""difficulty"": ""hard"", ""word_index"": 2, ""char_indices"": [4, 6], ""operation_count"": 2}, {""edit_num"": 2, ""old"": ""What"", ""new"": ""Qhwt"", ""location"": ""any"", ""typo_type"": ""keyboard"", ""difficulty"": ""hard"", ""word_index"": 0, ""char_indices"": [0, 2], ""operation_count"": 2}]"
5728f2e26aef051400154898,corrupted,keyboard,any,3,What field involves the study of the immune system?,Qhwt field invopvws the study of the immune ststek?,17,7,0.0,"[{""edit_num"": 1, ""old"": ""involves"", ""new"": ""invopvws"", ""location"": ""any"", ""typo_type"": ""keyboard"", ""difficulty"": ""hard"", ""word_index"": 2, ""char_indices"": [4, 6], ""operation_count"": 2}, {""edit_num"": 2, ""old"": ""What"", ""new"": ""Qhwt"", ""location"": ""any"", ""typo_type"": ""keyboard"", ""difficulty"": ""hard"", ""word_index"": 0, ""char_indices"": [0, 2], ""operation_count"": 2}, {""edit_num"": 3, ""old"": ""system"", ""new"": ""ststek"", ""location"": ""any"", ""typo_type"": ""keyboard"", ""difficulty"": ""hard"", ""word_index"": 8, ""char_indices"": [1, 5], ""operation_count"": 2}]"
57291fb4af94a219006aa0b5,corrupted,keyboard,any,1,What has caused China to suspend their railway project?,What has caused Dhinw to suspend their railway project?,12,2,0.6666666666666666,"[{""edit_num"": 1, ""old"": ""China"", ""new"": ""Dhinw"", ""location"": ""any"", ""typo_type"": ""keyboard"", ""difficulty"": ""hard"", ""word_index"": 3, ""char_indices"": [0, 4], ""operation_count"": 2}]"
57291fb4af94a219006aa0b5,corrupted,keyboard,any,2,What has caused China to suspend their railway project?,Ehzt has caused Dhinw to suspend their railway project?,14,4,0.6666666666666666,"[{""edit_num"": 1, ""old"": ""China"", ""new"": ""Dhinw"", ""location"": ""any"", ""typo_type"": ""keyboard"", ""difficulty"": ""hard"", ""word_index"": 3, ""char_indices"": [0, 4], ""operation_count"": 2}, {""edit_num"": 2, ""old"": ""What"", ""new"": ""Ehzt"", ""location"": ""any"", ""typo_type"": ""keyboard"", ""difficulty"": ""hard"", ""word_index"": 0, ""char_indices"": [0, 2], ""operation_count"": 2}]"
57291fb4af94a219006aa0b5,corrupted,keyboard,any,3,What has caused China to suspend their railway project?,Ehzt has caused Dhinw to suspend their railway projeff?,15,5,0.6666666666666666,"[{""edit_num"": 1, ""old"": ""China"", ""new"": ""Dhinw"", ""location"": ""any"", ""typo_type"": ""keyboard"", ""difficulty"": ""hard"", ""word_index"": 3, ""char_indices"": [0, 4], ""operation_count"": 2}, {""edit_num"": 2, ""old"": ""What"", ""new"": ""Ehzt"", ""location"": ""any"", ""typo_type"": ""keyboard"", ""difficulty"": ""hard"", ""word_index"": 0, ""char_indices"": [0, 2], ""operation_count"": 2}, {""edit_num"": 3, ""old"": ""project"", ""new"": ""projeff"", ""location"": ""any"", ""typo_type"": ""keyboard"", ""difficulty"": ""hard"", ""word_index"": 8, ""char_indices"": [5, 6], ""operation_count"": 2}]"
572925491d046914007790c5,corrupted,keyboard,any,1,What are the biggest burdens?,Wjst are the biggest burdens?,8,2,0.0,"[{""edit_num"": 1, ""old"": ""What"", ""new"": ""Wjst"", ""location"": ""any"", ""typo_type"": ""keyboard"", ""difficulty"": ""hard"", ""word_index"": 0, ""char_indices"": [1, 2], ""operation_count"": 2}]"
572925491d046914007790c5,corrupted,keyboard,any,2,What are the biggest burdens?,Wjst are the biggest vurrens?,10,4,0.0,"[{""edit_num"": 1, ""old"": ""What"", ""new"": ""Wjst"", ""location"": ""any"", ""typo_type"": ""keyboard"", ""difficulty"": ""hard"", ""word_index"": 0, ""char_indices"": [1, 2], ""operation_count"": 2}, {""edit_num"": 2, ""old"": ""burdens"", ""new"": ""vurrens"", ""location"": ""any"", ""typo_type"": ""keyboard"", ""difficulty"": ""hard"", ""word_index"": 4, ""char_indices"": [0, 3], ""operation_count"": 2}]"
572925491d046914007790c5,corrupted,keyboard,any,3,What are the biggest burdens?,Wjst are the biyvest vurrens?,12,6,1.0,"[{""edit_num"": 1, ""old"": ""What"", ""new"": ""Wjst"", ""location"": ""any"", ""typo_type"": ""keyboard"", ""difficulty"": ""hard"", ""word_index"": 0, ""char_indices"": [1, 2], ""operation_count"": 2}, {""edit_num"": 2, ""old"": ""burdens"", ""new"": ""vurrens"", ""location"": ""any"", ""typo_type"": ""keyboard"", ""difficulty"": ""hard"", ""word_index"": 4, ""char_indices"": [0, 3], ""operation_count"": 2}, {""edit_num"": 3, ""old"": ""biggest"", ""new"": ""biyvest"", ""location"": ""any"", ""typo_type"": ""keyboard"", ""difficulty"": ""hard"", ""word_index"": 3, ""char_indices"": [2, 3], ""operation_count"": 2}]"
572978e66aef051400154f78,corrupted,keyboard,any,1,What kind of light is important for chloroplasts to divide?,What kind of light is important for chloroplasts to dicude?,14,1,0.0,"[{""edit_num"": 1, ""old"": ""divide"", ""new"": ""dicude"", ""location"": ""any"", ""typo_type"": ""keyboard"", ""difficulty"": ""hard"", ""word_index"": 9, ""char_indices"": [2, 3], ""operation_count"": 2}]"
572978e66aef051400154f78,corrupted,keyboard,any,2,What kind of light is important for chloroplasts to divide?,What mjnd of light is important for chloroplasts to dicude?,15,2,0.0,"[{""edit_num"": 1, ""old"": ""divide"", ""new"": ""dicude"", ""location"": ""any"", ""typo_type"": ""keyboard"", ""difficulty"": ""hard"", ""word_index"": 9, ""char_indices"": [2, 3], ""operation_count"": 2}, {""edit_num"": 2, ""old"": ""kind"", ""new"": ""mjnd"", ""location"": ""any"", ""typo_type"": ""keyboard"", ""difficulty"": ""hard"", ""word_index"": 1, ""char_indices"": [0, 1], ""operation_count"": 2}]"
572978e66aef051400154f78,corrupted,keyboard,any,3,What kind of light is important for chloroplasts to divide?,What mjnd of light is important for chllroplasgs to dicude?,18,5,0.0,"[{""edit_num"": 1, ""old"": ""divide"", ""new"": ""dicude"", ""location"": ""any"", ""typo_type"": ""keyboard"", ""difficulty"": ""hard"", ""word_index"": 9, ""char_indices"": [2, 3], ""operation_count"": 2}, {""edit_num"": 2, ""old"": ""kind"", ""new"": ""mjnd"", ""location"": ""any"", ""typo_type"": ""keyboard"", ""difficulty"": ""hard"", ""word_index"": 1, ""char_indices"": [0, 1], ""operation_count"": 2}, {""edit_num"": 3, ""old"": ""chloroplasts"", ""new"": ""chllroplasgs"", ""location"": ""any"", ""typo_type"": ""keyboard"", ""difficulty"": ""hard"", ""word_index"": 7, ""char_indices"": [3, 10], ""operation_count"": 2}]"
57298ef11d0469140077952f,corrupted,keyboard,any,1,What does the Riemann hypothesis state the source of irregularity in the distribution of points comes from?,What does the Riemann hypothesis state the source of irregularity in the distribution of poinrw comes from?,23,2,0.0,"[{""edit_num"": 1, ""old"": ""points"", ""new"": ""poinrw"", ""location"": ""any"", ""typo_type"": ""keyboard"", ""difficulty"": ""hard"", ""word_index"": 14, ""char_indices"": [4, 5], ""operation_count"": 2}]"
57298ef11d0469140077952f,corrupted,keyboard,any,2,What does the Riemann hypothesis state the source of irregularity in the distribution of points comes from?,What does the Riemann hypothesis state the source of urrrgularity in the distribution of poinrw comes from?,25,4,0.0,"[{""edit_num"": 1, ""old"": ""points"", ""new"": ""poinrw"", ""location"": ""any"", ""typo_type"": ""keyboard"", ""difficulty"": ""hard"", ""word_index"": 14, ""char_indices"": [4, 5], ""operation_count"": 2}, {""edit_num"": 2, ""old"": ""irregularity"", ""new"": ""urrrgularity"", ""location"": ""any"", ""typo_type"": ""keyboard"", ""difficulty"": ""hard"", ""word_index"": 9, ""char_indices"": [0, 3], ""operation_count"": 2}]"
57298ef11d0469140077952f,corrupted,keyboard,any,3,What does the Riemann hypothesis state the source of irregularity in the distribution of points comes from?,What does the Riemann hyllthesis state the source of urrrgularity in the distribution of poinrw comes from?,27,6,0.0,"[{""edit_num"": 1, ""old"": ""points"", ""new"": ""poinrw"", ""location"": ""any"", ""typo_type"": ""keyboard"", ""difficulty"": ""hard"", ""word_index"": 14, ""char_indices"": [4, 5], ""operation_count"": 2}, {""edit_num"": 2, ""old"": ""irregularity"", ""new"": ""urrrgularity"", ""location"": ""any"", ""typo_type"": ""keyboard"", ""difficulty"": ""hard"", ""word_index"": 9, ""char_indices"": [0, 3], ""operation_count"": 2}, {""edit_num"": 3, ""old"": ""hypothesis"", ""new"": ""hyllthesis"", ""location"": ""any"", ""typo_type"": ""keyboard"", ""difficulty"": ""hard"", ""word_index"": 4, ""char_indices"": [2, 3], ""operation_count"": 2}]"
5729efab3f37b319004785cf,corrupted,keyboard,any,1,What are the phagocytes that are located in tissues in contact with the external environment called?,What are the phagocytes fhqt are located in tissues in contact with the external environment called?,20,1,0.0,"[{""edit_num"": 1, ""old"": ""that"", ""new"": ""fhqt"", ""location"": ""any"", ""typo_type"": ""keyboard"", ""difficulty"": ""hard"", ""word_index"": 4, ""char_indices"": [0, 2], ""operation_count"": 2}]"
5729efab3f37b319004785cf,corrupted,keyboard,any,2,What are the phagocytes that are located in tissues in contact with the external environment called?,What are the phagocytes fhqt are located in tiszyes in contact with the external environment called?,23,4,0.0,"[{""edit_num"": 1, ""old"": ""that"", ""new"": ""fhqt"", ""location"": ""any"", ""typo_type"": ""keyboard"", ""difficulty"": ""hard"", ""word_index"": 4, ""char_indices"": [0, 2], ""operation_count"": 2}, {""edit_num"": 2, ""old"": ""tissues"", ""new"": ""tiszyes"", ""location"": ""any"", ""typo_type"": ""keyboard"", ""difficulty"": ""hard"", ""word_index"": 8, ""char_indices"": [3, 4], ""operation_count"": 2}]"
5729efab3f37b319004785cf,corrupted,keyboard,any,3,What are the phagocytes that are located in tissues in contact with the external environment called?,What are the phagocytes fhqt are locqtrd in tiszyes in contact with the external environment called?,26,7,0.0,"[{""edit_num"": 1, ""old"": ""that"", ""new"": ""fhqt"", ""location"": ""any"", ""typo_type"": ""keyboard"", ""difficulty"": ""hard"", ""word_index"": 4, ""char_indices"": [0, 2], ""operation_count"": 2}, {""edit_num"": 2, ""old"": ""tissues"", ""new"": ""tiszyes"", ""location"": ""any"", ""typo_type"": ""keyboard"", ""difficulty"": ""hard"", ""word_index"": 8, ""char_indices"": [3, 4], ""operation_count"": 2}, {""edit_num"": 3, ""old"": ""located"", ""new"": ""locqtrd"", ""location"": ""any"", ""typo_type"": ""keyboard"", ""difficulty"": ""hard"", ""word_index"": 6, ""char_indices"": [3, 5], ""operation_count"": 2}]"
572a0c541d046914007796f5,corrupted,keyboard,any,1,When was consumption inequality lower than it had been in 1986?,When was consumption inrauality lower than it had been in 1986?,16,2,0.0,"[{""edit_num"": 1, ""old"": ""inequality"", ""new"": ""inrauality"", ""location"": ""any"", ""typo_type"": ""keyboard"", ""difficulty"": ""hard"", ""word_index"": 3, ""char_indices"": [2, 3], ""operation_count"": 2}]"
572a0c541d046914007796f5,corrupted,keyboard,any,2,When was consumption inequality lower than it had been in 1986?,When was consumption inrauality lower tgsn it had been in 1986?,18,4,0.0,"[{""edit_num"": 1, ""old"": ""inequality"", ""new"": ""inrauality"", ""location"": ""any"", ""typo_type"": ""keyboard"", ""difficulty"": ""hard"", ""word_index"": 3, ""char_indices"": [2, 3], ""operation_count"": 2}, {""edit_num"": 2, ""old"": ""than"", ""new"": ""tgsn"", ""location"": ""any"", ""typo_type"": ""keyboard"", ""difficulty"": ""hard"", ""word_index"": 5, ""char_indices"": [1, 2], ""operation_count"": 2}]"
572a0c541d046914007796f5,corrupted,keyboard,any,3,When was consumption inequality lower than it had been in 1986?,When was consumotiln inrauality lower tgsn it had been in 1986?,21,7,0.0,"[{""edit_num"": 1, ""old"": ""inequality"", ""new"": ""inrauality"", ""location"": ""any"", ""typo_type"": ""keyboard"", ""difficulty"": ""hard"", ""word_index"": 3, ""char_indices"": [2, 3], ""operation_count"": 2}, {""edit_num"": 2, ""old"": ""than"", ""new"": ""tgsn"", ""location"": ""any"", ""typo_type"": ""keyboard"", ""difficulty"": ""hard"", ""word_index"": 5, ""char_indices"": [1, 2], ""operation_count"": 2}, {""edit_num"": 3, ""old"": ""consumption"", ""new"": ""consumotiln"", ""location"": ""any"", ""typo_type"": ""keyboard"", ""difficulty"": ""hard"", ""word_index"": 2, ""char_indices"": [6, 9], ""operation_count"": 2}]"
572fc8a904bcaa1900d76d20,corrupted,keyboard,any,1,What topic do private bills typically have?,What topic do orivafe bills typically have?,10,2,0.0,"[{""edit_num"": 1, ""old"": ""private"", ""new"": ""orivafe"", ""location"": ""any"", ""typo_type"": ""keyboard"", ""difficulty"": ""hard"", ""word_index"": 3, ""char_indices"": [0, 5], ""operation_count"": 2}]"
572fc8a904bcaa1900d76d20,corrupted,keyboard,any,2,What topic do private bills typically have?,What topic do orivafe bills typically hacr?,11,3,0.0,"[{""edit_num"": 1, ""old"": ""private"", ""new"": ""orivafe"", ""location"": ""any"", ""typo_type"": ""keyboard"", ""difficulty"": ""hard"", ""word_index"": 3, ""char_indices"": [0, 5], ""operation_count"": 2}, {""edit_num"": 2, ""old"": ""have"", ""new"": ""hacr"", ""location"": ""any"", ""typo_type"": ""keyboard"", ""difficulty"": ""hard"", ""word_index"": 6, ""char_indices"": [2, 3], ""operation_count"": 2}]"
572fc8a904bcaa1900d76d20,corrupted,keyboard,any,3,What topic do private bills typically have?,What topic do orivafe bilkx typically hacr?,13,5,0.0,"[{""edit_num"": 1, ""old"": ""private"", ""new"": ""orivafe"", ""location"": ""any"", ""typo_type"": ""keyboard"", ""difficulty"": ""hard"", ""word_index"": 3, ""char_indices"": [0, 5], ""operation_count"": 2}, {""edit_num"": 2, ""old"": ""have"", ""new"": ""hacr"", ""location"": ""any"", ""typo_type"": ""keyboard"", ""difficulty"": ""hard"", ""word_index"": 6, ""char_indices"": [2, 3], ""operation_count"": 2}, {""edit_num"": 3, ""old"": ""bills"", ""new"": ""bilkx"", ""location"": ""any"", ""typo_type"": ""keyboard"", ""difficulty"": ""hard"", ""word_index"": 4, ""char_indices"": [3, 4], ""operation_count"": 2}]"
57300137b2c2fd1400568717,corrupted,keyboard,any,1,Who was an important early figure in the Islamic revival in India?,Who was an important early figure in the Ixlanic revival in India?,16,3,0.0,"[{""edit_num"": 1, ""old"": ""Islamic"", ""new"": ""Ixlanic"", ""location"": ""any"", ""typo_type"": ""keyboard"", ""difficulty"": ""hard"", ""word_index"": 8, ""char_indices"": [1, 4], ""operation_count"": 2}]"
57300137b2c2fd1400568717,corrupted,keyboard,any,2,Who was an important early figure in the Islamic revival in India?,Who was an important datly figure in the Ixlanic revival in India?,17,4,0.0,"[{""edit_num"": 1, ""old"": ""Islamic"", ""new"": ""Ixlanic"", ""location"": ""any"", ""typo_type"": ""keyboard"", ""difficulty"": ""hard"", ""word_index"": 8, ""char_indices"": [1, 4], ""operation_count"": 2}, {""edit_num"": 2, ""old"": ""early"", ""new"": ""datly"", ""location"": ""any"", ""typo_type"": ""keyboard"", ""difficulty"": ""hard"", ""word_index"": 4, ""char_indices"": [0, 2], ""operation_count"": 2}]"
57300137b2c2fd1400568717,corrupted,keyboard,any,3,Who was an important early figure in the Islamic revival in India?,Who was an important datly figure in the Ixlanic revival in Jndiw?,19,6,0.0,"[{""edit_num"": 1, ""old"": ""Islamic"", ""new"": ""Ixlanic"", ""location"": ""any"", ""typo_type"": ""keyboard"", ""difficulty"": ""hard"", ""word_index"": 8, ""char_indices"": [1, 4], ""operation_count"": 2}, {""edit_num"": 2, ""old"": ""early"", ""new"": ""datly"", ""location"": ""any"", ""typo_type"": ""keyboard"", ""difficulty"": ""hard"", ""word_index"": 4, ""char_indices"": [0, 2], ""operation_count"": 2}, {""edit_num"": 3, ""old"": ""India"", ""new"": ""Jndiw"", ""location"": ""any"", ""typo_type"": ""keyboard"", ""difficulty"": ""hard"", ""word_index"": 11, ""char_indices"": [0, 4], ""operation_count"": 2}]"
5730a40f396df91900096237,corrupted,keyboard,any,1,What happened to the East India Trading Company in 1767?,What happened to the East India Tradibf Company in 1767?,15,2,0.0,"[{""edit_num"": 1, ""old"": ""Trading"", ""new"": ""Tradibf"", ""location"": ""any"", ""typo_type"": ""keyboard"", ""difficulty"": ""hard"", ""word_index"": 6, ""char_indices"": [5, 6], ""operation_count"": 2}]"
5730a40f396df91900096237,corrupted,keyboard,any,2,What happened to the East India Trading Company in 1767?,What happened to the Rwst India Tradibf Company in 1767?,16,3,0.0,"[{""edit_num"": 1, ""old"": ""Trading"", ""new"": ""Tradibf"", ""location"": ""any"", ""typo_type"": ""keyboard"", ""difficulty"": ""hard"", ""word_index"": 6, ""char_indices"": [5, 6], ""operation_count"": 2}, {""edit_num"": 2, ""old"": ""East"", ""new"": ""Rwst"", ""location"": ""any"", ""typo_type"": ""keyboard"", ""difficulty"": ""hard"", ""word_index"": 4, ""char_indices"": [0, 1], ""operation_count"": 2}]"
5730a40f396df91900096237,corrupted,keyboard,any,3,What happened to the East India Trading Company in 1767?,What haplenrd to the Rwst India Tradibf Company in 1767?,18,5,0.0,"[{""edit_num"": 1, ""old"": ""Trading"", ""new"": ""Tradibf"", ""location"": ""any"", ""typo_type"": ""keyboard"", ""difficulty"": ""hard"", ""word_index"": 6, ""char_indices"": [5, 6], ""operation_count"": 2}, {""edit_num"": 2, ""old"": ""East"", ""new"": ""Rwst"", ""location"": ""any"", ""typo_type"": ""keyboard"", ""difficulty"": ""hard"", ""word_index"": 4, ""char_indices"": [0, 1], ""operation_count"": 2}, {""edit_num"": 3, ""old"": ""happened"", ""new"": ""haplenrd"", ""location"": ""any"", ""typo_type"": ""keyboard"", ""difficulty"": ""hard"", ""word_index"": 1, ""char_indices"": [3, 6], ""operation_count"": 2}]"
5733ea04d058e614000b6596,corrupted,keyboard,any,1,Where was Marin's second fort constructed?,Where was Markj's second fort constructed?,9,1,0.0,"[{""edit_num"": 1, ""old"": ""Marin"", ""new"": ""Markj"", ""location"": ""any"", ""typo_type"": ""keyboard"", ""difficulty"": ""hard"", ""word_index"": 2, ""char_indices"": [3, 4], ""operation_count"": 2}]"
5733ea04d058e614000b6596,corrupted,keyboard,any,2,Where was Marin's second fort constructed?,Where was Markj's second foeg constructed?,10,2,0.0,"[{""edit_num"": 1, ""old"": ""Marin"", ""new"": ""Markj"", ""location"": ""any"", ""typo_type"": ""keyboard"", ""difficulty"": ""hard"", ""word_index"": 2, ""char_indices"": [3, 4], ""operation_count"": 2}, {""edit_num"": 2, ""old"": ""fort"", ""new"": ""foeg"", ""location"": ""any"", ""typo_type"": ""keyboard"", ""difficulty"": ""hard"", ""word_index"": 5, ""char_indices"": [2, 3], ""operation_count"": 2}]"
5733ea04d058e614000b6596,corrupted,keyboard,any,3,Where was Marin's second fort constructed?,Wbdre was Markj's second foeg constructed?,12,4,0.0,"[{""edit_num"": 1, ""old"": ""Marin"", ""new"": ""Markj"", ""location"": ""any"", ""typo_type"": ""keyboard"", ""difficulty"": ""hard"", ""word_index"": 2, ""char_indices"": [3, 4], ""operation_count"": 2}, {""edit_num"": 2, ""old"": ""fort"", ""new"": ""foeg"", ""location"": ""any"", ""typo_type"": ""keyboard"", ""difficulty"": ""hard"", ""word_index"": 5, ""char_indices"": [2, 3], ""operation_count"": 2}, {""edit_num"": 3, ""old"": ""Where"", ""new"": ""Wbdre"", ""location"": ""any"", ""typo_type"": ""keyboard"", ""difficulty"": ""hard"", ""word_index"": 0, ""char_indices"": [1, 2], ""operation_count"": 2}]"
57378c9b1c456719005744a9,corrupted,keyboard,any,1,What magnetic and electric force acts on a charge?,What magnetic and electfkc force acts on a charge?,12,2,0.0,"[{""edit_num"": 1, ""old"": ""electric"", ""new"": ""electfkc"", ""location"": ""any"", ""typo_type"": ""keyboard"", ""difficulty"": ""hard"", ""word_index"": 3, ""char_indices"": [5, 6], ""operation_count"": 2}]"
57378c9b1c456719005744a9,corrupted,keyboard,any,2,What magnetic and electric force acts on a charge?,What magnetic and electfkc force acts on a dhargs?,13,3,0.125,"[{""edit_num"": 1, ""old"": ""electric"", ""new"": ""electfkc"", ""location"": ""any"", ""typo_type"": ""keyboard"", ""difficulty"": ""hard"", ""word_index"": 3, ""char_indices"": [5, 6], ""operation_count"": 2}, {""edit_num"": 2, ""old"": ""charge"", ""new"": ""dhargs"", ""location"": ""any"", ""typo_type"": ""keyboard"", ""difficulty"": ""hard"", ""word_index"": 8, ""char_indices"": [0, 5], ""operation_count"": 2}]"
57378c9b1c456719005744a9,corrupted,keyboard,any,3,What magnetic and electric force acts on a charge?,What magnetic and electfkc force avgs on a dhargs?,14,4,0.125,"[{""edit_num"": 1, ""old"": ""electric"", ""new"": ""electfkc"", ""location"": ""any"", ""typo_type"": ""keyboard"", ""difficulty"": ""hard"", ""word_index"": 3, ""char_indices"": [5, 6], ""operation_count"": 2}, {""edit_num"": 2, ""old"": ""charge"", ""new"": ""dhargs"", ""location"": ""any"", ""typo_type"": ""keyboard"", ""difficulty"": ""hard"", ""word_index"": 8, ""char_indices"": [0, 5], ""operation_count"": 2}, {""edit_num"": 3, ""old"": ""acts"", ""new"": ""avgs"", ""location"": ""any"", ""typo_type"": ""keyboard"", ""difficulty"": ""hard"", ""word_index"": 5, ""char_indices"": [1, 2], ""operation_count"": 2}]"
