model,task,typo_type,location,severity,typo_difficulty,keyword_strategy,mitigation,score,score_std,n,requested_n,requested_rows,excluded_examples_due_to_errors,corruption_replicates,error_rate,mean_actual_severity,mean_actual_char_operations,severity_completion_rate,clean_score,absolute_drop,drop_ci_2.5,drop_ci_97.5,bootstrap_probability_drop_le_zero,relative_degradation
Qwen/Qwen3-4B,squad,deletion,any,1,hard,idf,none,0.9516071428571429,0.1458542514791513,20,20,20,0,1,0.0,1.0,2.0,1.0,0.9492857142857144,-0.002321428571428569,-0.09413392857142856,0.06589285714285716,0.486,-0.0024454477050413815
Qwen/Qwen3-4B,squad,deletion,any,2,hard,idf,none,0.8919480519480519,0.2806313541127721,20,20,20,0,1,0.0,2.0,4.0,1.0,0.9492857142857144,0.05733766233766234,-0.06428571428571428,0.195913961038961,0.1858,0.060400848211231956
Qwen/Qwen3-4B,squad,deletion,any,3,hard,idf,none,0.7519480519480519,0.42669070964324635,20,20,20,0,1,0.0,2.95,5.9,0.95,0.9492857142857144,0.19733766233766237,0.05714285714285714,0.36610389610389615,0.0014,0.20788015596142007
Qwen/Qwen3-4B,squad,keyboard,any,1,hard,idf,none,0.85625,0.3518629929240551,20,20,20,0,1,0.0,1.0,2.0,1.0,0.9492857142857144,0.09303571428571429,-0.05714285714285714,0.2575,0.1208,0.09800601956358164
Qwen/Qwen3-4B,squad,keyboard,any,2,hard,idf,none,0.8019480519480521,0.39104032423141427,20,20,20,0,1,0.0,2.0,4.0,1.0,0.9492857142857144,0.14733766233766235,-0.021428571428571425,0.33305194805194804,0.0474,0.15520897462206718
Qwen/Qwen3-4B,squad,keyboard,any,3,hard,idf,none,0.699090909090909,0.45297239765845815,20,20,20,0,1,0.0,2.95,5.9,0.95,0.9492857142857144,0.2501948051948052,0.05,0.4618181818181819,0.008,0.2635611190915931
Qwen/Qwen3-4B,squad,transposition,any,1,hard,idf,none,0.9778571428571429,0.0727656804647003,20,20,20,0,1,0.0,1.0,2.0,1.0,0.9492857142857144,-0.02857142857142857,-0.10714285714285714,0.021428571428571436,0.769,-0.03009781790820165
Qwen/Qwen3-4B,squad,transposition,any,2,hard,idf,none,0.901948051948052,0.2807458075361124,20,20,20,0,1,0.0,2.0,4.0,1.0,0.9492857142857144,0.047337662337662345,-0.07142857142857142,0.18305194805194808,0.2428,0.04986661194336138
Qwen/Qwen3-4B,squad,transposition,any,3,hard,idf,none,0.851948051948052,0.3442338605649146,20,20,20,0,1,0.0,2.95,5.9,0.95,0.9492857142857144,0.09733766233766235,-0.05,0.258961038961039,0.1062,0.10253779328271427
